"","Probability","real"
"1",0.028003,0.0277777777777778
"2",0.055488,0.0555555555555556
"3",0.083227,0.0833333333333333
"4",0.111064,0.111111111111111
"5",0.138456,0.138888888888889
"6",0.166022,0.166666666666667
"7",0.138651,0.138888888888889
"8",0.111684,0.111111111111111
"9",0.083724,0.0833333333333333
"10",0.055943,0.0555555555555556
"11",0.027738,0.0277777777777778
